20230125-17:14:28,52:K6:1C:73:12:69,螻ｱ逕ｰ螟ｪ驛・莠句漁謇,nyusitu,
20230125-17:14:31,18:D6:1C:03:16:60,豬懈悽蟆夊ｼ・莠句漁謇,nyusitu,
20230125-17:14:34,F8:E9:4E:CD:E6:4C,蟆城㍽逕ｰ譎ｶ,莠句漁謇,nyusitu
20230125-17:14:37,52:K6:1C:73:12:69,螻ｱ逕ｰ螟ｪ驛・莠句漁謇,nyusitu,
20230125-17:14:40,18:D6:1C:03:16:60,豬懈悽蟆夊ｼ・莠句漁謇,nyusitu,
20230125-17:14:43,F8:E9:4E:CD:E6:4C,蟆城㍽逕ｰ譎ｶ,莠句漁謇,nyusitu
20230125-17:14:46,52:K6:1C:73:12:69,螻ｱ逕ｰ螟ｪ驛・莠句漁謇,nyusitu,
20230125-17:14:49,18:D6:1C:03:16:60,豬懈悽蟆夊ｼ・莠句漁謇,nyusitu,
20230125-17:14:52,F8:E9:4E:CD:E6:4C,蟆城㍽逕ｰ譎ｶ,莠句漁謇,nyusitu
20230125-17:14:55,52:K6:1C:73:12:69,螻ｱ逕ｰ螟ｪ驛・莠句漁謇,nyusitu,
20230125-17:14:58,18:D6:1C:03:16:60,豬懈悽蟆夊ｼ・莠句漁謇,nyusitu,
20230125-17:15:01,F8:E9:4E:CD:E6:4C,蟆城㍽逕ｰ譎ｶ,莠句漁謇,nyusitu
20230125-17:15:04,52:K6:1C:73:12:69,螻ｱ逕ｰ螟ｪ驛・莠句漁謇,nyusitu,
20230125-17:15:07,18:D6:1C:03:16:60,豬懈悽蟆夊ｼ・莠句漁謇,nyusitu,
20230125-17:15:10,F8:E9:4E:CD:E6:4C,蟆城㍽逕ｰ譎ｶ,莠句漁謇,nyusitu
20230125-17:15:13,52:K6:1C:73:12:69,螻ｱ逕ｰ螟ｪ驛・莠句漁謇,nyusitu,
20230125-17:15:16,18:D6:1C:03:16:60,豬懈悽蟆夊ｼ・莠句漁謇,nyusitu,
20230125-17:15:19,F8:E9:4E:CD:E6:4C,蟆城㍽逕ｰ譎ｶ,莠句漁謇,nyusitu
20230125-17:15:22,52:K6:1C:73:12:69,螻ｱ逕ｰ螟ｪ驛・莠句漁謇,nyusitu,
20230125-17:15:25,18:D6:1C:03:16:60,豬懈悽蟆夊ｼ・莠句漁謇,nyusitu,
20230125-17:15:28,F8:E9:4E:CD:E6:4C,蟆城㍽逕ｰ譎ｶ,莠句漁謇,nyusitu
20230125-17:15:31,52:K6:1C:73:12:69,螻ｱ逕ｰ螟ｪ驛・莠句漁謇,nyusitu,
20230125-17:15:34,18:D6:1C:03:16:60,豬懈悽蟆夊ｼ・莠句漁謇,nyusitu,
20230125-17:15:37,F8:E9:4E:CD:E6:4C,蟆城㍽逕ｰ譎ｶ,莠句漁謇,nyusitu
20230125-17:15:40,52:K6:1C:73:12:69,螻ｱ逕ｰ螟ｪ驛・莠句漁謇,nyusitu,
20230125-17:15:43,18:D6:1C:03:16:60,豬懈悽蟆夊ｼ・莠句漁謇,nyusitu,
20230125-17:15:46,F8:E9:4E:CD:E6:4C,蟆城㍽逕ｰ譎ｶ,莠句漁謇,nyusitu
20230125-17:15:49,52:K6:1C:73:12:69,螻ｱ逕ｰ螟ｪ驛・莠句漁謇,nyusitu,
20230125-17:15:52,18:D6:1C:03:16:60,豬懈悽蟆夊ｼ・莠句漁謇,nyusitu,
20230125-17:15:55,F8:E9:4E:CD:E6:4C,蟆城㍽逕ｰ譎ｶ,莠句漁謇,nyusitu
20230125-17:15:58,52:K6:1C:73:12:69,螻ｱ逕ｰ螟ｪ驛・莠句漁謇,nyusitu,
20230125-17:16:01,18:D6:1C:03:16:60,豬懈悽蟆夊ｼ・莠句漁謇,nyusitu,
20230125-17:16:04,F8:E9:4E:CD:E6:4C,蟆城㍽逕ｰ譎ｶ,莠句漁謇,nyusitu
20230125-17:16:07,52:K6:1C:73:12:69,螻ｱ逕ｰ螟ｪ驛・莠句漁謇,nyusitu,
20230125-17:16:10,18:D6:1C:03:16:60,豬懈悽蟆夊ｼ・莠句漁謇,nyusitu,
20230125-17:16:13,F8:E9:4E:CD:E6:4C,蟆城㍽逕ｰ譎ｶ,莠句漁謇,nyusitu
20230125-17:16:16,52:K6:1C:73:12:69,螻ｱ逕ｰ螟ｪ驛・莠句漁謇,nyusitu,
20230125-17:16:19,18:D6:1C:03:16:60,豬懈悽蟆夊ｼ・莠句漁謇,nyusitu,
20230125-17:16:22,F8:E9:4E:CD:E6:4C,蟆城㍽逕ｰ譎ｶ,莠句漁謇,nyusitu
20230125-17:16:25,52:K6:1C:73:12:69,螻ｱ逕ｰ螟ｪ驛・莠句漁謇,nyusitu,
20230125-17:16:28,18:D6:1C:03:16:60,豬懈悽蟆夊ｼ・莠句漁謇,nyusitu,
20230125-17:16:31,F8:E9:4E:CD:E6:4C,蟆城㍽逕ｰ譎ｶ,莠句漁謇,nyusitu
20230125-17:16:34,52:K6:1C:73:12:69,螻ｱ逕ｰ螟ｪ驛・莠句漁謇,nyusitu,
20230125-17:16:37,18:D6:1C:03:16:60,豬懈悽蟆夊ｼ・莠句漁謇,nyusitu,
20230125-17:16:40,F8:E9:4E:CD:E6:4C,蟆城㍽逕ｰ譎ｶ,莠句漁謇,nyusitu
20230125-17:16:43,52:K6:1C:73:12:69,螻ｱ逕ｰ螟ｪ驛・莠句漁謇,nyusitu,
20230125-17:16:46,18:D6:1C:03:16:60,豬懈悽蟆夊ｼ・莠句漁謇,nyusitu,
20230125-17:16:49,F8:E9:4E:CD:E6:4C,蟆城㍽逕ｰ譎ｶ,莠句漁謇,nyusitu
20230125-17:16:52,52:K6:1C:73:12:69,螻ｱ逕ｰ螟ｪ驛・莠句漁謇,nyusitu,
20230125-17:16:55,18:D6:1C:03:16:60,豬懈悽蟆夊ｼ・莠句漁謇,nyusitu,
20230125-17:16:58,F8:E9:4E:CD:E6:4C,蟆城㍽逕ｰ譎ｶ,莠句漁謇,nyusitu
20230125-17:17:01,52:K6:1C:73:12:69,螻ｱ逕ｰ螟ｪ驛・莠句漁謇,nyusitu,
20230125-17:17:04,18:D6:1C:03:16:60,豬懈悽蟆夊ｼ・莠句漁謇,nyusitu,
20230125-17:17:07,F8:E9:4E:CD:E6:4C,蟆城㍽逕ｰ譎ｶ,莠句漁謇,nyusitu
20230125-17:17:11,52:K6:1C:73:12:69,螻ｱ逕ｰ螟ｪ驛・莠句漁謇,nyusitu,
20230125-17:17:14,18:D6:1C:03:16:60,豬懈悽蟆夊ｼ・莠句漁謇,nyusitu,
20230125-17:17:17,F8:E9:4E:CD:E6:4C,蟆城㍽逕ｰ譎ｶ,莠句漁謇,nyusitu
20230125-17:17:20,52:K6:1C:73:12:69,螻ｱ逕ｰ螟ｪ驛・莠句漁謇,nyusitu,
20230125-17:17:23,18:D6:1C:03:16:60,豬懈悽蟆夊ｼ・莠句漁謇,nyusitu,
20230125-17:17:26,F8:E9:4E:CD:E6:4C,蟆城㍽逕ｰ譎ｶ,莠句漁謇,nyusitu
20230125-17:17:29,52:K6:1C:73:12:69,螻ｱ逕ｰ螟ｪ驛・莠句漁謇,nyusitu,
20230125-17:17:32,18:D6:1C:03:16:60,豬懈悽蟆夊ｼ・莠句漁謇,nyusitu,
20230125-17:17:35,F8:E9:4E:CD:E6:4C,蟆城㍽逕ｰ譎ｶ,莠句漁謇,nyusitu
20230125-17:17:38,52:K6:1C:73:12:69,螻ｱ逕ｰ螟ｪ驛・莠句漁謇,nyusitu,
20230125-17:17:41,18:D6:1C:03:16:60,豬懈悽蟆夊ｼ・莠句漁謇,nyusitu,
20230125-17:17:44,F8:E9:4E:CD:E6:4C,蟆城㍽逕ｰ譎ｶ,莠句漁謇,nyusitu
20230125-17:17:47,52:K6:1C:73:12:69,螻ｱ逕ｰ螟ｪ驛・莠句漁謇,nyusitu,
20230125-17:17:50,18:D6:1C:03:16:60,豬懈悽蟆夊ｼ・莠句漁謇,nyusitu,
20230125-17:17:53,F8:E9:4E:CD:E6:4C,蟆城㍽逕ｰ譎ｶ,莠句漁謇,nyusitu
20230125-17:17:56,52:K6:1C:73:12:69,螻ｱ逕ｰ螟ｪ驛・莠句漁謇,nyusitu,
20230125-17:17:59,18:D6:1C:03:16:60,豬懈悽蟆夊ｼ・莠句漁謇,nyusitu,
20230125-17:18:02,F8:E9:4E:CD:E6:4C,蟆城㍽逕ｰ譎ｶ,莠句漁謇,nyusitu
20230125-17:18:05,52:K6:1C:73:12:69,螻ｱ逕ｰ螟ｪ驛・莠句漁謇,nyusitu,
20230125-17:18:08,18:D6:1C:03:16:60,豬懈悽蟆夊ｼ・莠句漁謇,nyusitu,
20230125-17:18:11,F8:E9:4E:CD:E6:4C,蟆城㍽逕ｰ譎ｶ,莠句漁謇,nyusitu
20230125-17:18:14,52:K6:1C:73:12:69,螻ｱ逕ｰ螟ｪ驛・莠句漁謇,nyusitu,
20230125-17:18:17,18:D6:1C:03:16:60,豬懈悽蟆夊ｼ・莠句漁謇,nyusitu,
20230125-17:18:20,F8:E9:4E:CD:E6:4C,蟆城㍽逕ｰ譎ｶ,莠句漁謇,nyusitu
20230125-17:18:23,52:K6:1C:73:12:69,螻ｱ逕ｰ螟ｪ驛・莠句漁謇,nyusitu,
20230125-17:18:26,18:D6:1C:03:16:60,豬懈悽蟆夊ｼ・莠句漁謇,nyusitu,
20230125-17:18:29,F8:E9:4E:CD:E6:4C,蟆城㍽逕ｰ譎ｶ,莠句漁謇,nyusitu
20230125-17:18:32,52:K6:1C:73:12:69,螻ｱ逕ｰ螟ｪ驛・莠句漁謇,nyusitu,
20230125-17:18:35,18:D6:1C:03:16:60,豬懈悽蟆夊ｼ・莠句漁謇,nyusitu,
20230125-17:18:38,F8:E9:4E:CD:E6:4C,蟆城㍽逕ｰ譎ｶ,莠句漁謇,nyusitu
20230125-17:18:41,52:K6:1C:73:12:69,螻ｱ逕ｰ螟ｪ驛・莠句漁謇,nyusitu,
20230125-17:18:44,18:D6:1C:03:16:60,豬懈悽蟆夊ｼ・莠句漁謇,nyusitu,
20230125-17:18:47,F8:E9:4E:CD:E6:4C,蟆城㍽逕ｰ譎ｶ,莠句漁謇,nyusitu
20230125-17:18:50,52:K6:1C:73:12:69,螻ｱ逕ｰ螟ｪ驛・莠句漁謇,nyusitu,
20230125-17:18:53,18:D6:1C:03:16:60,豬懈悽蟆夊ｼ・莠句漁謇,nyusitu,
20230125-17:18:56,F8:E9:4E:CD:E6:4C,蟆城㍽逕ｰ譎ｶ,莠句漁謇,nyusitu
20230125-17:18:59,52:K6:1C:73:12:69,螻ｱ逕ｰ螟ｪ驛・莠句漁謇,nyusitu,
20230125-17:19:02,18:D6:1C:03:16:60,豬懈悽蟆夊ｼ・莠句漁謇,nyusitu,
20230125-17:19:05,F8:E9:4E:CD:E6:4C,蟆城㍽逕ｰ譎ｶ,莠句漁謇,nyusitu
20230125-17:19:08,52:K6:1C:73:12:69,螻ｱ逕ｰ螟ｪ驛・莠句漁謇,nyusitu,
20230125-17:19:11,18:D6:1C:03:16:60,豬懈悽蟆夊ｼ・莠句漁謇,nyusitu,
20230125-17:19:14,F8:E9:4E:CD:E6:4C,蟆城㍽逕ｰ譎ｶ,莠句漁謇,nyusitu
20230125-17:19:17,52:K6:1C:73:12:69,螻ｱ逕ｰ螟ｪ驛・莠句漁謇,nyusitu,
20230125-17:19:20,18:D6:1C:03:16:60,豬懈悽蟆夊ｼ・莠句漁謇,nyusitu,
20230125-17:19:23,F8:E9:4E:CD:E6:4C,蟆城㍽逕ｰ譎ｶ,莠句漁謇,nyusitu
20230125-17:19:26,52:K6:1C:73:12:69,螻ｱ逕ｰ螟ｪ驛・莠句漁謇,nyusitu,
20230125-17:19:29,18:D6:1C:03:16:60,豬懈悽蟆夊ｼ・莠句漁謇,nyusitu,
20230125-17:19:32,F8:E9:4E:CD:E6:4C,蟆城㍽逕ｰ譎ｶ,莠句漁謇,nyusitu
20230125-17:19:35,52:K6:1C:73:12:69,螻ｱ逕ｰ螟ｪ驛・莠句漁謇,nyusitu,
20230125-17:19:38,18:D6:1C:03:16:60,豬懈悽蟆夊ｼ・莠句漁謇,nyusitu,
20230125-17:19:41,F8:E9:4E:CD:E6:4C,蟆城㍽逕ｰ譎ｶ,莠句漁謇,nyusitu
20230125-17:19:44,52:K6:1C:73:12:69,螻ｱ逕ｰ螟ｪ驛・莠句漁謇,nyusitu,
20230125-17:19:47,18:D6:1C:03:16:60,豬懈悽蟆夊ｼ・莠句漁謇,nyusitu,
20230125-17:19:50,F8:E9:4E:CD:E6:4C,蟆城㍽逕ｰ譎ｶ,莠句漁謇,nyusitu
20230125-17:19:53,52:K6:1C:73:12:69,螻ｱ逕ｰ螟ｪ驛・莠句漁謇,nyusitu,
20230125-17:19:56,18:D6:1C:03:16:60,豬懈悽蟆夊ｼ・莠句漁謇,nyusitu,
20230125-17:19:59,F8:E9:4E:CD:E6:4C,蟆城㍽逕ｰ譎ｶ,莠句漁謇,nyusitu
20230125-17:20:03,52:K6:1C:73:12:69,螻ｱ逕ｰ螟ｪ驛・莠句漁謇,nyusitu,
20230125-17:20:06,18:D6:1C:03:16:60,豬懈悽蟆夊ｼ・莠句漁謇,nyusitu,
20230125-17:20:09,F8:E9:4E:CD:E6:4C,蟆城㍽逕ｰ譎ｶ,莠句漁謇,nyusitu
20230125-17:20:12,52:K6:1C:73:12:69,螻ｱ逕ｰ螟ｪ驛・莠句漁謇,nyusitu,
20230125-17:20:15,18:D6:1C:03:16:60,豬懈悽蟆夊ｼ・莠句漁謇,nyusitu,
20230125-17:20:18,F8:E9:4E:CD:E6:4C,蟆城㍽逕ｰ譎ｶ,莠句漁謇,nyusitu
20230125-17:20:21,52:K6:1C:73:12:69,螻ｱ逕ｰ螟ｪ驛・莠句漁謇,nyusitu,
20230125-17:20:24,18:D6:1C:03:16:60,豬懈悽蟆夊ｼ・莠句漁謇,nyusitu,
20230125-17:20:27,F8:E9:4E:CD:E6:4C,蟆城㍽逕ｰ譎ｶ,莠句漁謇,nyusitu
20230125-17:20:30,52:K6:1C:73:12:69,螻ｱ逕ｰ螟ｪ驛・莠句漁謇,nyusitu,
20230125-17:20:33,18:D6:1C:03:16:60,豬懈悽蟆夊ｼ・莠句漁謇,nyusitu,
20230125-17:20:36,F8:E9:4E:CD:E6:4C,蟆城㍽逕ｰ譎ｶ,莠句漁謇,nyusitu
20230125-17:20:39,52:K6:1C:73:12:69,螻ｱ逕ｰ螟ｪ驛・莠句漁謇,nyusitu,
20230125-17:20:42,18:D6:1C:03:16:60,豬懈悽蟆夊ｼ・莠句漁謇,nyusitu,
